degree,frequency
0,345282
1,36042
2,27698
3,17684
4,16456
5,10098
6,11717
7,7514
8,8404
9,6024
10,6748
11,4543
12,5999
13,3659
14,4470
15,3897
16,4113
17,2823
18,3746
19,2595
20,3215
21,2577
22,2511
23,1974
24,2747
25,1981
26,1852
27,1882
28,2102
29,1495
30,1989
31,1460
32,1780
33,1366
34,1469
35,1120
36,1712
37,1120
38,1150
39,1076
40,1380
41,1012
42,1317
43,975
44,1134
45,1149
46,1003
47,803
48,1213
49,869
50,1061
51,817
52,877
53,764
54,989
55,799
56,733
57,660
58,755
59,760
60,880
61,636
62,647
63,610
64,687
65,528
66,745
67,516
68,633
69,502
70,551
71,477
72,650
73,435
74,486
75,596
76,469
77,456
78,510
79,433
80,424
81,450
82,419
83,366
84,425
85,362
86,352
87,402
88,636
89,327
90,480
91,331
92,375
93,295
94,338
95,351
96,449
97,332
98,382
99,317
100,375
101,306
102,451
103,331
104,306
105,302
106,321
107,246
108,326
109,251
110,303
111,279
112,270
113,252
114,314
115,276
116,295
117,275
118,234
119,232
120,353
121,259
122,209
123,203
124,224
125,210
126,242
127,189
128,217
129,245
130,211
131,197
132,248
133,175
134,210
135,184
136,265
137,178
138,216
139,204
140,241
141,254
142,268
143,155
144,219
145,148
146,202
147,149
148,218
149,165
150,218
151,154
152,205
153,175
154,178
155,148
156,190
157,148
158,188
159,162
160,207
161,119
162,246
163,158
164,149
165,165
166,156
167,130
168,178
169,133
170,158
171,155
172,170
173,114
174,133
175,153
176,167
177,140
178,147
179,145
180,225
181,117
182,142
183,124
184,152
185,104
186,146
187,125
188,129
189,123
190,185
191,139
192,153
193,94
194,135
195,126
196,110
197,101
198,128
199,106
200,121
201,122
202,129
203,111
204,136
205,89
206,124
207,103
208,124
209,117
210,113
211,97
212,124
213,109
214,111
215,97
216,115
217,93
218,99
219,77
220,127
221,80
222,103
223,78
224,119
225,118
226,107
227,80
228,113
229,109
230,103
231,102
232,87
233,68
234,98
235,84
236,125
237,79
238,177
239,103
240,133
241,65
242,97
243,62
244,83
245,77
246,71
247,67
248,95
249,85
250,73
251,93
252,85
253,83
254,86
255,58
256,93
257,72
258,82
259,61
260,94
261,75
262,80
263,64
264,71
265,84
266,69
267,56
268,92
269,73
270,86
271,58
272,86
273,79
274,89
275,91
276,72
277,58
278,59
279,72
280,101
281,69
282,79
283,65
284,60
285,86
286,56
287,61
288,71
289,51
290,71
291,69
292,79
293,49
294,56
295,52
296,57
297,55
298,60
299,51
300,69
301,63
302,66
303,54
304,55
305,67
306,89
307,54
308,64
309,50
310,56
311,64
312,60
313,51
314,60
315,52
316,40
317,47
318,49
319,42
320,53
321,57
322,53
323,70
324,52
325,79
326,45
327,50
328,49
329,54
330,43
331,46
332,49
333,48
334,46
335,50
336,55
337,42
338,44
339,49
340,43
341,43
342,69
343,43
344,57
345,44
346,42
347,33
348,46
349,33
350,50
351,52
352,47
353,38
354,54
355,35
356,51
357,43
358,57
359,39
360,51
361,31
362,46
363,57
364,59
365,43
366,52
367,33
368,59
369,24
370,41
371,35
372,53
373,34
374,35
375,53
376,41
377,35
378,41
379,41
380,48
381,41
382,44
383,34
384,36
385,47
386,39
387,45
388,30
389,32
390,36
391,44
392,52
393,52
394,32
395,33
396,49
397,28
398,37
399,38
400,45
401,35
402,43
403,41
404,42
405,31
406,36
407,36
408,34
409,27
410,38
411,39
412,29
413,35
414,34
415,33
416,28
417,42
418,44
419,39
420,37
421,46
422,32
423,48
424,45
425,32
426,36
427,45
428,31
429,34
430,33
431,42
432,20
433,27
434,27
435,50
436,30
437,21
438,42
439,35
440,36
441,25
442,34
443,28
444,28
445,24
446,33
447,32
448,35
449,27
450,29
451,39
452,37
453,29
454,39
455,38
456,28
457,40
458,34
459,28
460,20
461,29
462,27
463,35
464,24
465,23
466,20
467,28
468,38
469,24
470,43
471,36
472,27
473,34
474,24
475,28
476,43
477,38
478,25
479,34
480,26
481,40
482,32
483,36
484,24
485,23
486,37
487,30
488,31
489,27
490,33
491,27
492,33
493,22
494,21
495,38
496,24
497,27
498,17
499,27
500,22
501,25
502,27
503,25
504,26
505,27
506,21
507,20
508,33
509,26
510,26
511,26
512,22
513,31
514,24
515,19
516,39
517,22
518,20
519,16
520,20
521,20
522,21
523,15
524,28
525,25
526,29
527,18
528,33
529,19
530,31
531,26
532,31
533,27
534,23
535,23
536,20
537,24
538,21
539,28
540,23
541,12
542,24
543,21
544,19
545,26
546,27
547,20
548,28
549,21
550,24
551,14
552,17
553,13
554,24
555,20
556,32
557,16
558,18
559,27
560,27
561,18
562,17
563,22
564,30
565,24
566,17
567,21
568,18
569,19
570,22
571,12
572,23
573,25
574,18
575,23
576,28
577,18
578,20
579,24
580,20
581,23
582,24
583,19
584,30
585,14
586,14
587,23
588,21
589,20
590,19
591,11
592,24
593,22
594,17
595,14
596,10
597,15
598,16
599,23
600,20
601,16
602,18
603,21
604,21
605,19
606,25
607,25
608,24
609,32
610,19
611,14
612,13
613,18
614,22
615,15
616,17
617,11
618,24
619,12
620,18
621,23
622,21
623,20
624,19
625,19
626,16
627,23
628,19
629,11
630,14
631,25
632,19
633,15
634,22
635,17
636,15
637,22
638,18
639,13
640,15
641,13
642,22
643,12
644,24
645,17
646,21
647,15
648,18
649,17
650,25
651,22
652,12
653,10
654,19
655,20
656,17
657,14
658,15
659,19
660,6
661,16
662,23
663,16
664,13
665,15
666,21
667,15
668,30
669,13
670,15
671,11
672,37
673,13
674,12
675,18
676,10
677,20
678,15
679,14
680,17
681,12
682,13
683,18
684,10
685,12
686,18
687,10
688,28
689,14
690,14
691,15
692,18
693,14
694,13
695,10
696,18
697,14
698,10
699,18
700,25
701,15
702,15
703,8
704,21
705,13
706,16
707,11
708,22
709,13
710,13
711,15
712,14
713,20
714,15
715,9
716,15
717,12
718,10
719,13
720,15
721,16
722,10
723,15
724,8
725,13
726,23
727,16
728,24
729,20
730,23
731,38
732,13
733,7
734,18
735,13
736,17
737,13
738,29
739,6
740,10
741,10
742,8
743,9
744,19
745,15
746,11
747,16
748,11
749,17
750,12
751,24
752,12
753,15
754,10
755,10
756,18
757,16
758,13
759,9
760,11
761,13
762,11
763,10
764,8
765,12
766,10
767,11
768,11
769,14
770,12
771,11
772,10
773,12
774,13
775,13
776,8
777,9
778,8
779,19
780,8
781,16
782,15
783,5
784,11
785,17
786,8
787,8
788,14
789,22
790,7
791,16
792,10
793,14
794,17
795,20
796,14
797,10
798,9
799,17
800,7
801,11
802,9
803,7
804,14
805,14
806,25
807,23
808,11
809,15
810,11
811,14
812,14
813,16
814,10
815,12
816,8
817,9
818,15
819,7
820,7
821,15
822,22
823,9
824,12
825,10
826,9
827,11
828,7
829,14
830,14
831,13
832,5
833,6
834,21
835,13
836,12
837,11
838,8
839,13
840,15
841,6
842,7
843,11
844,7
845,5
846,15
847,10
848,9
849,11
850,6
851,5
852,11
853,13
854,12
855,18
856,8
857,11
858,7
859,11
860,9
861,9
862,8
863,8
864,7
865,5
866,6
867,10
868,9
869,14
870,10
871,5
872,9
873,12
874,3
875,7
876,20
877,11
878,9
879,12
880,10
881,5
882,9
883,9
884,11
885,14
886,9
887,9
888,13
889,10
890,8
891,9
892,9
893,4
894,9
895,11
896,5
897,11
898,15
899,5
900,5
901,10
902,14
903,7
904,7
905,8
906,8
907,13
908,14
909,15
910,10
911,8
912,13
913,12
914,4
915,10
916,7
917,15
918,16
919,7
920,8
921,10
922,7
923,16
924,8
925,6
926,11
927,8
928,4
929,6
930,11
931,13
932,10
933,8
934,12
935,10
936,6
937,10
938,7
939,6
940,5
941,5
942,13
943,13
944,7
945,12
946,10
947,9
948,15
949,4
950,8
951,8
952,15
953,8
954,10
955,8
956,9
957,6
958,5
959,14
960,6
961,6
962,10
963,11
964,5
965,10
966,4
967,6
968,10
969,8
970,14
971,8
972,12
973,7
974,5
975,5
976,15
977,11
978,6
979,12
980,12
981,11
982,4
983,6
984,4
985,9
986,13
987,5
988,10
989,8
990,6
991,5
992,13
993,16
994,8
995,6
996,11
997,9
998,5
999,4
1000,11
1001,5
1002,7
1003,8
1004,7
1005,11
1006,7
1007,7
1008,7
1009,6
1010,14
1011,5
1012,6
1013,5
1014,5
1015,7
1016,5
1017,8
1018,10
1019,10
1020,7
1021,7
1022,10
1023,10
1024,7
1025,4
1026,7
1027,10
1028,8
1029,7
1030,7
1031,2
1032,6
1033,8
1034,6
1035,8
1036,9
1037,11
1038,5
1039,5
1040,7
1041,7
1042,10
1043,2
1044,7
1045,3
1046,6
1047,10
1048,6
1049,2
1050,10
1051,6
1052,2
1053,7
1054,8
1055,5
1056,7
1057,5
1058,9
1059,6
1060,7
1061,4
1062,8
1063,8
1064,10
1065,5
1066,10
1067,7
1068,5
1069,8
1070,6
1071,6
1072,8
1073,9
1074,10
1075,3
1076,2
1077,6
1078,6
1079,4
1080,5
1081,12
1082,8
1083,4
1084,4
1085,2
1086,4
1087,8
1088,6
1089,4
1090,5
1091,9
1092,6
1093,9
1094,9
1095,2
1096,6
1097,4
1098,11
1099,2
1100,13
1101,5
1102,5
1103,7
1104,7
1105,53
1106,11
1107,6
1108,6
1109,8
1110,10
1111,6
1112,9
1113,7
1114,6
1115,3
1116,6
1117,3
1118,4
1119,7
1120,10
1121,9
1122,6
1123,1
1124,3
1125,9
1126,9
1127,5
1128,6
1129,3
1130,8
1131,3
1132,4
1133,6
1134,3
1135,7
1136,2
1137,10
1138,5
1139,7
1140,2
1141,6
1142,6
1143,7
1144,6
1145,5
1146,5
1147,8
1148,6
1149,6
1150,6
1151,9
1152,6
1153,12
1154,17
1155,6
1156,6
1157,7
1158,4
1159,7
1160,9
1161,7
1162,9
1163,3
1164,9
1165,4
1166,7
1167,10
1168,10
1169,4
1170,5
1171,7
1172,7
1173,4
1174,3
1175,13
1176,6
1177,4
1178,5
1179,6
1180,2
1181,4
1182,9
1183,5
1184,8
1185,5
1186,8
1187,5
1188,3
1189,9
1190,4
1191,7
1192,8
1193,4
1194,8
1195,5
1196,7
1197,5
1198,6
1199,4
1200,7
1201,3
1202,9
1203,8
1204,5
1205,6
1206,4
1207,2
1208,7
1209,1
1210,4
1211,4
1212,7
1213,5
1214,11
1215,5
1216,4
1217,6
1218,7
1219,6
1220,2
1221,2
1222,6
1223,8
1224,5
1225,5
1226,6
1227,4
1228,7
1229,7
1230,4
1231,4
1232,3
1233,8
1234,4
1235,3
1236,4
1237,6
1239,6
1240,5
1241,5
1242,6
1243,5
1244,7
1245,4
1246,2
1247,3
1248,4
1249,4
1250,9
1251,9
1252,7
1253,8
1254,6
1255,3
1256,3
1257,8
1258,7
1259,5
1260,11
1261,2
1262,4
1264,8
1265,9
1266,6
1267,7
1268,5
1269,3
1270,2
1271,2
1272,3
1273,2
1274,5
1275,4
1276,4
1277,6
1278,5
1279,2
1280,7
1281,2
1282,2
1283,7
1284,5
1285,4
1286,3
1287,5
1288,3
1289,3
1290,3
1291,6
1292,7
1293,7
1294,4
1295,6
1296,1
1297,6
1298,8
1299,8
1300,5
1301,6
1302,5
1303,5
1304,2
1305,7
1306,6
1307,6
1308,2
1309,4
1311,4
1312,4
1313,5
1314,6
1315,4
1316,3
1317,3
1318,2
1319,6
1320,6
1321,4
1322,4
1323,2
1324,8
1325,5
1326,5
1327,4
1328,4
1329,2
1330,4
1331,7
1332,3
1333,1
1334,11
1335,4
1336,3
1337,3
1338,3
1339,3
1340,7
1341,3
1342,6
1343,8
1344,5
1345,3
1346,5
1347,6
1348,7
1349,4
1350,5
1351,8
1352,2
1353,4
1354,4
1355,2
1356,5
1357,4
1358,4
1359,2
1360,1
1361,3
1362,6
1363,7
1364,4
1365,8
1366,6
1367,5
1368,5
1369,5
1370,2
1371,6
1372,4
1373,5
1374,3
1375,9
1376,3
1377,7
1378,3
1379,7
1380,2
1381,5
1382,2
1383,6
1384,3
1385,4
1386,9
1387,3
1388,4
1389,7
1390,5
1391,2
1392,4
1393,1
1394,8
1395,8
1396,9
1397,9
1398,7
1399,7
1400,1
1401,4
1402,9
1403,6
1404,5
1405,6
1406,6
1407,11
1408,5
1409,10
1410,6
1411,1
1412,6
1413,3
1414,4
1415,3
1416,5
1417,6
1418,7
1419,5
1420,2
1421,6
1422,5
1423,4
1424,8
1425,6
1426,4
1427,5
1428,3
1429,5
1430,7
1431,1
1433,2
1434,2
1435,4
1436,4
1437,2
1438,2
1439,4
1440,4
1441,3
1442,1
1443,2
1444,2
1445,5
1446,4
1447,1
1448,7
1449,5
1450,3
1451,6
1452,5
1453,3
1454,3
1455,2
1456,1
1457,5
1458,6
1459,3
1460,7
1461,5
1462,13
1463,4
1464,7
1465,3
1466,5
1467,9
1468,4
1469,2
1470,5
1471,4
1472,4
1473,6
1474,1
1475,3
1476,6
1477,9
1478,1
1479,5
1480,2
1481,4
1482,4
1483,2
1484,2
1485,2
1486,5
1487,4
1488,6
1489,5
1490,5
1491,4
1492,3
1493,5
1494,3
1495,8
1496,6
1497,6
1498,2
1499,3
1500,4
1501,5
1502,6
1503,3
1504,4
1505,5
1506,2
1507,5
1508,2
1509,5
1510,3
1511,2
1512,2
1513,4
1514,2
1515,5
1516,7
1517,1
1518,2
1519,2
1520,4
1521,6
1522,1
1524,5
1525,1
1526,5
1527,6
1528,6
1529,2
1530,2
1531,6
1532,2
1533,10
1534,2
1535,3
1536,5
1537,6
1538,3
1539,4
1540,6
1541,4
1542,1
1543,4
1544,5
1545,2
1546,4
1547,8
1548,3
1549,3
1550,3
1551,3
1552,3
1553,3
1554,1
1555,5
1556,2
1557,2
1558,5
1559,2
1560,4
1561,2
1562,2
1563,2
1564,3
1565,3
1566,8
1567,2
1568,2
1569,2
1570,6
1571,8
1572,6
1573,7
1574,5
1575,3
1576,3
1577,6
1578,3
1579,6
1580,5
1581,2
1582,2
1583,4
1584,3
1585,2
1586,3
1587,2
1588,2
1589,3
1590,3
1591,4
1592,3
1593,3
1594,1
1595,1
1596,4
1597,5
1598,5
1599,1
1600,2
1602,2
1603,2
1604,5
1605,4
1606,3
1607,1
1608,1
1609,2
1610,7
1611,2
1612,5
1613,3
1614,2
1615,2
1616,6
1617,8
1618,7
1619,8
1620,7
1621,3
1622,3
1623,3
1624,8
1625,4
1626,3
1627,3
1628,2
1629,4
1630,4
1631,3
1632,4
1633,4
1634,5
1635,1
1636,3
1638,1
1639,2
1640,1
1641,2
1642,1
1643,3
1644,2
1645,2
1646,3
1647,2
1650,3
1651,2
1652,2
1653,3
1654,3
1655,2
1656,4
1657,2
1658,6
1659,5
1660,4
1661,3
1662,3
1663,2
1664,3
1665,2
1666,1
1667,6
1668,3
1669,2
1670,3
1671,4
1672,3
1673,1
1674,4
1675,4
1676,1
1677,5
1678,4
1679,4
1680,5
1681,2
1682,4
1684,5
1685,5
1686,3
1688,3
1689,3
1690,2
1691,3
1692,3
1693,3
1694,11
1695,4
1696,2
1697,2
1698,2
1699,1
1700,2
1701,3
1702,2
1703,6
1704,2
1705,3
1706,7
1707,1
1709,4
1710,1
1711,3
1712,2
1713,7
1714,2
1715,2
1716,3
1717,4
1718,3
1719,2
1720,1
1721,4
1723,1
1724,2
1725,2
1726,5
1727,4
1728,2
1729,5
1730,4
1731,4
1733,4
1736,3
1737,6
1738,5
1739,5
1740,1
1741,2
1742,5
1743,1
1744,1
1745,5
1746,2
1747,1
1748,1
1749,3
1750,3
1751,5
1752,5
1753,3
1754,3
1755,2
1756,2
1757,1
1758,4
1759,3
1760,4
1761,1
1762,4
1763,1
1764,4
1765,1
1766,5
1767,1
1768,1
1769,4
1770,2
1771,1
1772,2
1773,3
1774,3
1775,3
1776,3
1777,4
1778,2
1779,3
1780,3
1781,4
1782,3
1783,2
1784,1
1786,2
1787,2
1788,4
1789,7
1790,3
1791,2
1792,2
1793,2
1794,3
1795,2
1796,4
1798,1
1800,2
1802,1
1804,1
1805,2
1806,2
1807,1
1808,13
1809,4
1810,3
1811,2
1812,4
1813,5
1814,6
1815,3
1816,1
1817,3
1818,2
1819,1
1820,4
1821,2
1822,2
1823,1
1824,4
1825,2
1826,3
1827,2
1828,3
1829,4
1830,4
1831,1
1832,4
1834,1
1835,2
1836,1
1837,1
1838,2
1839,4
1840,1
1841,2
1842,1
1843,3
1844,6
1846,1
1848,1
1849,3
1850,4
1851,2
1852,3
1853,2
1854,2
1855,2
1856,2
1857,3
1859,1
1860,2
1861,3
1862,3
1863,3
1864,4
1865,6
1866,3
1868,8
1869,1
1870,6
1872,2
1873,5
1875,1
1876,3
1877,3
1878,5
1879,8
1880,6
1881,2
1883,1
1884,2
1885,8
1886,3
1887,4
1888,2
1889,1
1890,3
1891,4
1893,4
1894,2
1895,2
1896,1
1897,3
1898,3
1900,7
1901,3
1902,2
1903,3
1904,4
1906,4
1907,4
1908,4
1909,2
1910,2
1911,2
1912,3
1913,2
1914,5
1915,1
1916,4
1917,1
1919,1
1920,5
1921,3
1923,6
1924,3
1925,4
1926,1
1927,4
1928,4
1929,2
1930,8
1931,2
1932,1
1933,2
1934,4
1935,1
1936,2
1937,3
1938,2
1939,2
1940,1
1941,3
1942,4
1943,7
1944,3
1945,1
1947,1
1948,2
1949,4
1950,5
1951,3
1952,1
1954,3
1955,2
1956,1
1957,6
1958,4
1959,5
1960,6
1961,1
1962,1
1963,2
1964,2
1965,1
1966,1
1967,1
1969,3
1970,3
1971,3
1972,7
1973,1
1974,3
1975,4
1976,3
1978,1
1979,1
1981,1
1982,1
1983,2
1984,4
1985,6
1986,2
1987,2
1988,2
1989,4
1991,4
1992,3
1993,5
1994,5
1995,3
1997,3
1998,2
1999,1
2000,1
2001,1
2002,4
2004,1
2005,4
2006,4
2007,3
2008,2
2009,1
2010,3
2011,1
2012,4
2013,2
2014,1
2015,2
2016,1
2017,1
2019,4
2020,3
2021,3
2022,4
2023,1
2024,1
2025,1
2026,6
2027,1
2028,1
2030,4
2031,2
2032,2
2033,1
2035,5
2037,5
2038,2
2039,4
2040,3
2041,2
2042,1
2043,3
2044,2
2046,7
2047,1
2048,3
2049,1
2050,2
2051,1
2052,1
2055,1
2056,2
2057,1
2058,3
2059,4
2060,6
2061,3
2062,4
2063,1
2064,3
2065,4
2066,2
2067,2
2068,1
2069,4
2070,3
2072,1
2073,3
2074,2
2075,1
2076,3
2077,3
2078,2
2079,2
2080,2
2083,2
2084,3
2085,4
2086,2
2087,4
2088,1
2089,1
2090,2
2091,2
2093,1
2094,1
2095,4
2096,3
2099,5
2100,2
2101,3
2102,1
2103,1
2104,1
2105,2
2106,3
2107,4
2108,2
2109,1
2110,4
2111,1
2112,1
2113,5
2114,1
2115,2
2116,2
2117,1
2118,2
2119,2
2120,3
2121,2
2122,3
2123,1
2124,1
2125,3
2126,2
2127,3
2128,1
2130,3
2131,2
2132,1
2133,2
2134,1
2135,2
2136,1
2137,2
2138,5
2139,1
2140,2
2141,6
2142,2
2143,1
2144,4
2145,2
2146,2
2147,2
2149,3
2150,3
2151,2
2152,4
2153,3
2154,3
2155,1
2156,1
2158,3
2159,5
2160,1
2162,5
2163,2
2164,3
2165,1
2166,1
2167,2
2168,1
2170,1
2171,2
2172,4
2173,2
2174,1
2175,2
2176,2
2177,1
2178,1
2180,3
2182,1
2184,3
2185,3
2186,1
2187,1
2188,1
2189,2
2190,3
2191,3
2192,2
2193,7
2194,2
2195,2
2197,3
2198,1
2199,2
2200,2
2201,3
2203,4
2204,3
2205,1
2208,1
2209,2
2210,2
2212,3
2213,2
2214,3
2215,3
2217,3
2218,3
2219,1
2220,3
2221,1
2222,4
2225,4
2226,3
2227,1
2229,3
2230,1
2231,3
2232,1
2233,2
2235,1
2236,7
2237,2
2238,3
2240,3
2242,4
2244,2
2245,2
2246,2
2247,2
2248,4
2250,2
2251,3
2252,4
2253,2
2254,3
2255,2
2256,1
2257,4
2258,3
2260,1
2262,1
2264,1
2265,1
2266,2
2267,3
2269,3
2270,1
2272,2
2274,4
2275,2
2276,2
2278,2
2279,10
2280,2
2281,1
2282,5
2283,1
2284,4
2285,1
2286,2
2287,3
2289,2
2290,2
2291,2
2292,4
2293,2
2294,2
2296,1
2297,1
2298,1
2299,1
2300,1
2301,1
2302,1
2303,4
2304,4
2306,1
2307,2
2308,3
2309,3
2310,3
2312,1
2313,3
2314,1
2315,7
2316,2
2318,1
2319,1
2320,2
2321,1
2323,1
2324,6
2326,2
2327,2
2328,1
2329,3
2330,4
2331,1
2332,4
2333,1
2334,5
2335,1
2337,1
2338,1
2339,1
2340,2
2341,1
2342,2
2343,1
2344,1
2345,1
2346,2
2347,1
2348,1
2350,1
2352,1
2353,2
2354,2
2355,2
2357,1
2360,1
2361,1
2363,5
2364,2
2365,3
2366,1
2367,3
2368,1
2370,2
2371,2
2372,2
2373,3
2374,1
2375,2
2376,6
2377,17
2378,7
2379,8
2380,2
2381,1
2382,2
2383,1
2384,1
2385,1
2386,1
2388,1
2389,6
2390,2
2392,2
2393,1
2395,2
2397,3
2398,4
2399,2
2400,2
2401,2
2402,1
2403,2
2404,2
2405,1
2406,4
2407,2
2408,1
2409,3
2410,3
2413,1
2414,1
2415,2
2416,11
2417,1
2418,3
2419,1
2422,1
2423,4
2424,2
2425,3
2426,2
2427,2
2428,2
2429,4
2430,1
2431,1
2433,4
2434,4
2436,2
2437,2
2438,2
2439,5
2441,1
2442,2
2443,2
2444,4
2446,2
2447,2
2448,1
2449,1
2450,1
2451,3
2453,2
2454,1
2455,2
2456,3
2457,1
2458,3
2459,3
2460,3
2461,2
2462,2
2463,2
2464,2
2465,2
2467,1
2468,1
2469,2
2471,1
2472,2
2473,1
2475,2
2476,1
2477,2
2478,3
2479,2
2480,5
2481,2
2482,1
2483,1
2484,3
2485,3
2486,2
2488,1
2489,1
2490,5
2491,1
2495,2
2496,3
2497,2
2498,2
2499,1
2501,1
2502,1
2503,2
2504,1
2506,2
2507,5
2508,2
2509,1
2510,3
2511,1
2512,3
2514,1
2515,1
2516,3
2518,2
2519,3
2520,3
2521,3
2522,7
2523,2
2524,1
2525,2
2526,2
2527,3
2528,1
2530,2
2531,3
2532,3
2533,2
2535,1
2536,1
2538,3
2539,1
2540,4
2541,5
2544,2
2545,1
2547,3
2549,2
2550,3
2552,3
2553,2
2554,2
2555,1
2556,3
2557,1
2558,4
2559,2
2560,1
2561,1
2562,1
2564,1
2565,3
2566,1
2567,3
2568,1
2569,4
2570,4
2572,3
2573,1
2574,3
2575,4
2576,5
2577,8
2578,5
2579,2
2580,3
2582,1
2583,1
2584,1
2585,1
2586,2
2587,2
2588,2
2589,1
2590,2
2591,3
2592,1
2593,2
2594,2
2595,2
2596,1
2597,2
2598,1
2599,1
2600,3
2601,3
2602,4
2603,2
2605,1
2606,1
2608,2
2609,1
2610,2
2611,1
2612,4
2613,2
2614,1
2615,1
2617,1
2618,2
2619,3
2621,1
2622,2
2624,1
2625,1
2626,3
2627,6
2628,2
2630,2
2632,1
2633,2
2634,1
2635,1
2638,1
2639,4
2640,1
2642,2
2643,1
2644,1
2645,2
2647,5
2648,4
2649,2
2650,2
2651,2
2652,1
2653,1
2655,1
2656,1
2657,2
2658,1
2659,1
2660,3
2661,2
2663,1
2665,2
2668,2
2669,1
2670,1
2671,1
2673,1
2675,4
2676,1
2677,1
2679,3
2680,1
2681,2
2682,4
2683,2
2684,5
2685,1
2686,1
2687,3
2688,1
2689,3
2691,3
2692,3
2693,2
2694,3
2695,1
2696,1
2697,2
2698,2
2699,1
2700,6
2701,2
2702,3
2703,3
2704,26
2705,3
2706,3
2707,3
2709,3
2710,3
2712,4
2713,4
2714,1
2715,2
2716,1
2718,1
2720,5
2722,1
2723,3
2725,1
2727,2
2728,1
2729,1
2730,4
2731,2
2732,1
2733,2
2737,2
2739,2
2740,3
2742,3
2743,1
2744,1
2745,3
2747,1
2750,1
2751,3
2752,1
2753,2
2755,2
2756,1
2757,2
2758,3
2759,3
2760,1
2761,4
2762,1
2763,3
2764,1
2765,4
2766,1
2770,4
2771,3
2772,2
2773,1
2774,1
2777,1
2778,1
2779,2
2781,2
2782,3
2784,3
2785,4
2786,6
2787,2
2788,3
2789,9
2790,2
2791,1
2792,1
2793,1
2794,4
2795,1
2796,1
2797,1
2798,6
2799,22
2800,4
2801,3
2802,2
2803,4
2806,5
2807,1
2808,3
2809,1
2810,2
2812,1
2813,1
2814,1
2816,1
2818,1
2819,1
2820,2
2824,2
2825,1
2826,2
2827,1
2828,3
2829,3
2830,1
2831,1
2832,2
2836,1
2837,1
2838,3
2839,2
2842,3
2843,2
2844,1
2847,1
2848,1
2850,2
2853,1
2854,2
2855,1
2858,1
2859,2
2860,3
2861,3
2863,1
2864,3
2865,1
2869,1
2871,1
2872,1
2873,4
2874,1
2875,3
2876,1
2878,1
2880,3
2881,1
2882,1
2884,2
2885,1
2887,2
2888,2
2889,1
2890,2
2891,1
2892,3
2893,3
2895,1
2896,2
2897,1
2898,1
2900,3
2901,3
2902,6
2903,1
2904,2
2906,1
2907,1
2908,2
2909,2
2910,1
2911,1
2912,2
2913,1
2915,3
2916,3
2919,1
2921,2
2922,2
2923,2
2924,2
2925,1
2926,1
2927,2
2928,1
2929,1
2930,1
2932,4
2934,1
2935,3
2936,1
2937,1
2939,2
2941,1
2942,1
2943,1
2944,1
2945,2
2946,1
2947,1
2949,1
2951,1
2952,1
2953,1
2954,3
2955,2
2956,1
2958,3
2959,1
2960,1
2962,1
2963,1
2964,1
2965,2
2966,1
2967,1
2969,1
2970,1
2971,2
2973,1
2976,1
2977,1
2978,2
2979,1
2980,3
2981,2
2982,1
2983,1
2985,1
2988,1
2989,1
2990,2
2991,1
2993,3
2994,2
2995,2
2996,1
2998,2
2999,1
3001,1
3003,1
3004,2
3005,1
3006,2
3007,1
3008,2
3009,2
3011,5
3012,2
3013,1
3015,3
3017,3
3020,4
3021,2
3022,1
3024,1
3026,1
3027,1
3028,1
3029,1
3030,6
3031,2
3032,2
3033,3
3034,1
3035,1
3036,2
3039,1
3040,1
3041,2
3042,2
3044,1
3045,1
3046,2
3047,1
3048,1
3049,1
3050,1
3051,2
3052,1
3054,2
3055,2
3056,1
3057,2
3061,1
3062,1
3063,1
3065,3
3066,1
3067,3
3068,3
3070,2
3071,1
3072,1
3073,1
3074,3
3075,4
3076,2
3077,1
3078,2
3080,2
3081,3
3082,1
3083,2
3084,1
3085,2
3086,1
3087,3
3088,2
3090,1
3091,1
3093,3
3094,1
3096,1
3097,1
3098,1
3099,1
3100,1
3102,3
3103,2
3104,1
3105,1
3106,1
3107,1
3108,1
3112,2
3113,1
3117,1
3119,2
3121,1
3122,1
3124,1
3126,1
3129,4
3130,2
3131,2
3132,1
3133,1
3134,4
3135,1
3136,2
3138,1
3139,1
3140,3
3141,2
3142,1
3144,1
3145,1
3147,2
3148,3
3149,3
3150,1
3151,3
3152,1
3153,1
3155,1
3156,3
3157,2
3159,1
3162,1
3163,1
3165,1
3166,2
3168,1
3169,2
3170,2
3171,1
3172,1
3173,1
3174,1
3175,1
3176,2
3178,1
3179,1
3181,1
3182,1
3183,2
3184,2
3185,7
3186,1
3187,1
3188,1
3189,4
3190,1
3192,3
3193,2
3194,2
3195,1
3198,1
3200,1
3201,1
3202,2
3203,2
3206,1
3209,1
3210,1
3211,1
3212,2
3214,2
3215,2
3219,2
3220,2
3221,1
3222,2
3223,1
3225,1
3226,1
3227,1
3228,1
3230,2
3233,1
3234,2
3235,2
3237,1
3241,2
3243,1
3245,1
3246,1
3250,2
3252,1
3253,3
3254,3
3257,2
3258,1
3262,2
3264,3
3269,1
3270,1
3271,2
3274,1
3275,1
3276,2
3277,1
3278,2
3280,1
3282,1
3285,1
3286,2
3287,2
3289,2
3290,1
3291,1
3292,1
3293,3
3294,2
3301,1
3304,3
3305,4
3306,2
3307,1
3308,1
3310,4
3311,1
3312,1
3313,1
3314,1
3317,1
3318,1
3322,1
3325,1
3326,2
3327,1
3328,2
3329,2
3330,1
3331,1
3335,2
3336,1
3339,1
3340,1
3343,2
3344,1
3346,1
3347,2
3348,1
3349,3
3351,1
3352,1
3355,3
3358,2
3360,1
3361,1
3362,1
3363,1
3364,1
3366,3
3370,2
3371,3
3373,1
3375,2
3376,1
3378,1
3380,2
3383,2
3384,2
3385,1
3388,2
3389,1
3392,1
3393,3
3394,1
3396,2
3398,1
3401,1
3402,2
3404,1
3405,1
3407,1
3409,1
3411,1
3413,2
3414,1
3415,1
3416,1
3417,1
3421,1
3425,3
3426,2
3428,1
3429,1
3430,3
3431,2
3432,1
3433,2
3434,1
3444,1
3445,2
3446,2
3448,2
3449,1
3452,1
3453,2
3454,1
3456,1
3462,1
3463,1
3466,2
3467,2
3470,1
3472,1
3473,1
3474,1
3475,1
3476,1
3478,1
3480,1
3481,1
3482,1
3483,1
3485,2
3488,1
3489,1
3490,2
3491,1
3493,1
3495,1
3496,2
3497,1
3498,1
3501,1
3504,5
3507,1
3508,2
3512,1
3521,1
3522,2
3523,1
3526,1
3527,1
3528,1
3530,1
3536,2
3542,1
3543,1
3544,1
3545,1
3546,2
3547,1
3549,1
3554,1
3560,1
3563,2
3565,1
3566,1
3567,1
3572,2
3575,1
3576,1
3578,2
3580,1
3583,2
3584,1
3585,1
3586,1
3587,1
3592,1
3593,1
3594,2
3595,2
3596,2
3600,1
3604,2
3605,3
3607,2
3608,1
3610,1
3611,2
3613,1
3615,1
3616,2
3620,1
3621,1
3622,1
3626,1
3627,1
3629,1
3631,1
3632,1
3633,1
3634,2
3635,1
3637,1
3649,1
3650,1
3652,1
3654,3
3655,3
3656,1
3659,1
3660,1
3662,1
3664,1
3665,1
3666,1
3667,1
3672,3
3673,1
3675,1
3676,1
3677,2
3678,1
3680,1
3681,1
3682,1
3683,1
3684,1
3686,3
3688,2
3689,2
3690,3
3694,1
3696,1
3698,2
3701,1
3703,2
3704,1
3708,3
3709,1
3710,1
3712,1
3713,2
3714,1
3715,2
3716,2
3717,2
3719,2
3720,2
3721,2
3723,3
3724,4
3727,1
3728,2
3729,1
3731,2
3733,1
3734,1
3739,2
3740,1
3743,2
3746,1
3748,1
3749,2
3750,1
3751,2
3752,2
3754,1
3756,1
3758,2
3759,1
3761,1
3762,2
3763,2
3767,1
3768,1
3769,1
3772,1
3773,1
3777,1
3780,1
3781,1
3782,1
3787,1
3789,2
3790,2
3791,2
3794,1
3797,1
3798,1
3801,2
3802,1
3804,1
3806,1
3810,2
3812,1
3815,1
3816,1
3819,1
3826,1
3827,3
3828,2
3832,1
3837,2
3839,3
3844,1
3847,2
3849,1
3851,2
3852,2
3855,1
3856,1
3857,1
3858,1
3861,1
3862,1
3864,1
3866,1
3868,2
3869,2
3870,1
3876,1
3877,1
3883,1
3884,2
3886,1
3887,1
3888,1
3889,1
3891,1
3893,1
3894,1
3895,1
3897,1
3898,1
3899,1
3900,1
3902,1
3903,2
3905,2
3907,1
3908,1
3910,2
3914,1
3917,1
3918,2
3920,1
3923,1
3924,1
3926,1
3928,1
3929,1
3931,1
3932,2
3934,1
3935,2
3936,1
3939,1
3940,4
3944,1
3954,1
3957,2
3959,1
3962,1
3968,1
3970,1
3973,1
3975,1
3977,2
3982,1
3983,1
3986,2
3987,2
3989,1
3990,1
3994,1
3997,2
4001,3
4002,1
4004,2
4007,1
4008,1
4011,1
4013,1
4016,1
4018,1
4021,2
4022,1
4025,2
4033,1
4036,1
4038,1
4039,2
4042,2
4043,3
4044,1
4045,2
4046,1
4047,3
4055,2
4057,1
4059,2
4061,2
4064,1
4066,1
4067,1
4070,2
4074,1
4076,1
4078,1
4080,1
4082,1
4086,1
4087,2
4088,2
4091,1
4096,1
4097,3
4106,1
4109,1
4110,1
4111,1
4114,1
4116,1
4117,1
4120,1
4123,1
4126,1
4127,1
4128,1
4129,1
4130,2
4131,1
4135,1
4138,1
4140,1
4142,3
4143,1
4144,1
4145,1
4149,1
4150,1
4151,1
4153,2
4154,1
4155,1
4156,2
4157,1
4161,1
4164,1
4166,1
4169,2
4171,1
4180,1
4181,1
4185,2
4187,1
4188,1
4189,2
4190,1
4194,1
4195,1
4198,3
4201,1
4202,1
4205,2
4207,1
4210,1
4212,1
4213,1
4214,1
4215,2
4217,1
4218,2
4219,2
4221,2
4225,1
4226,1
4229,2
4231,1
4232,1
4233,1
4235,1
4239,1
4240,1
4241,2
4243,1
4249,3
4253,2
4259,1
4261,1
4263,1
4264,1
4265,1
4266,1
4267,1
4269,1
4271,1
4272,2
4279,1
4280,1
4281,1
4284,1
4286,1
4289,1
4290,1
4294,1
4296,1
4299,1
4300,1
4301,1
4302,3
4309,1
4311,1
4312,1
4314,2
4315,1
4316,1
4317,1
4318,1
4319,2
4322,1
4325,1
4326,1
4328,1
4331,1
4332,2
4333,1
4334,1
4335,1
4340,2
4344,2
4345,3
4350,1
4351,1
4357,1
4361,1
4364,1
4365,1
4369,1
4373,1
4377,1
4380,1
4386,1
4387,1
4389,1
4391,1
4393,1
4394,2
4395,1
4396,1
4400,1
4403,1
4404,1
4407,1
4410,2
4413,1
4415,1
4416,2
4417,2
4418,3
4421,1
4423,1
4424,1
4427,1
4429,1
4430,1
4431,1
4435,1
4436,2
4441,2
4442,2
4448,1
4457,2
4458,2
4461,1
4464,2
4465,1
4466,1
4467,1
4471,2
4472,2
4477,2
4480,1
4482,1
4483,1
4486,2
4487,1
4489,1
4490,1
4492,1
4495,1
4496,2
4497,1
4505,1
4506,1
4507,1
4508,1
4509,1
4511,1
4512,1
4519,1
4520,1
4524,1
4526,2
4532,1
4534,1
4537,1
4540,1
4545,2
4547,1
4553,2
4559,1
4564,1
4575,1
4576,1
4579,1
4593,1
4595,1
4596,1
4597,1
4600,1
4601,1
4605,1
4608,1
4612,1
4615,1
4617,1
4622,1
4625,1
4626,1
4628,1
4631,1
4632,1
4634,1
4635,2
4636,1
4641,1
4643,1
4652,1
4653,2
4655,2
4656,1
4658,2
4659,1
4668,1
4669,2
4671,1
4672,1
4673,1
4674,1
4676,2
4682,1
4684,1
4690,2
4691,1
4692,1
4694,1
4698,1
4699,1
4706,2
4707,2
4708,1
4709,1
4713,1
4715,2
4718,1
4728,1
4729,1
4730,1
4734,1
4735,2
4739,1
4742,1
4743,1
4744,2
4749,1
4750,1
4751,1
4752,1
4754,1
4755,2
4757,1
4758,1
4760,1
4762,2
4763,1
4764,1
4766,1
4773,2
4776,2
4777,1
4779,1
4780,1
4782,1
4785,1
4787,1
4790,2
4791,1
4793,1
4794,1
4800,1
4804,1
4806,1
4807,1
4808,1
4811,1
4814,1
4817,1
4822,1
4826,1
4828,2
4829,1
4832,1
4837,1
4839,1
4841,1
4842,1
4843,1
4846,2
4850,2
4852,1
4854,1
4857,1
4858,1
4863,1
4865,2
4867,1
4869,2
4871,1
4874,1
4876,1
4879,1
4880,1
4882,1
4884,1
4885,1
4889,2
4891,1
4892,1
4893,1
4894,1
4897,2
4899,1
4916,2
4920,1
4922,2
4924,1
4926,1
4927,1
4928,1
4930,1
4931,1
4932,2
4936,2
4940,1
4942,1
4943,1
4945,1
4947,1
4948,2
4949,2
4952,1
4953,1
4956,1
4959,1
4960,1
4966,1
4968,1
4970,1
4971,1
4974,1
4977,1
4978,1
4979,1
4983,1
4986,1
4988,3
4990,2
4992,1
4995,1
5001,1
5016,2
5018,1
5019,1
5021,1
5031,2
5032,1
5033,1
5034,1
5038,1
5040,1
5044,1
5047,1
5048,1
5049,2
5052,2
5053,1
5057,1
5060,1
5062,1
5064,2
5067,1
5074,1
5077,2
5078,1
5079,2
5081,1
5084,1
5086,2
5087,2
5088,2
5095,1
5096,1
5097,1
5100,3
5103,1
5105,1
5108,1
5112,1
5113,1
5115,1
5119,1
5120,1
5121,1
5125,1
5127,1
5131,1
5134,2
5135,2
5139,1
5140,1
5142,1
5150,1
5153,1
5159,1
5160,1
5162,1
5165,1
5169,1
5175,1
5178,2
5182,1
5183,1
5190,1
5192,2
5195,1
5198,1
5199,1
5210,1
5212,1
5216,1
5221,1
5225,1
5228,1
5229,1
5232,1
5233,1
5236,1
5241,1
5244,2
5245,1
5250,1
5252,1
5254,1
5259,1
5261,1
5268,1
5283,1
5284,1
5285,1
5286,2
5287,1
5288,1
5290,1
5298,1
5299,1
5301,1
5306,1
5309,1
5310,1
5312,1
5313,2
5314,3
5319,1
5323,1
5329,1
5331,1
5334,1
5336,1
5342,2
5344,1
5355,1
5357,1
5359,1
5362,1
5365,3
5370,1
5372,1
5378,1
5385,1
5397,1
5398,2
5405,2
5409,1
5410,2
5417,1
5418,1
5420,1
5427,1
5430,1
5431,1
5432,1
5434,1
5439,1
5442,1
5445,1
5450,2
5451,2
5452,1
5456,1
5457,1
5463,1
5465,1
5472,1
5473,1
5478,1
5481,1
5482,1
5486,2
5488,1
5490,2
5491,1
5494,1
5497,1
5500,1
5502,1
5508,1
5509,1
5514,1
5518,2
5522,1
5524,1
5533,1
5535,1
5536,1
5538,1
5541,1
5542,1
5546,3
5548,1
5549,1
5557,1
5558,1
5559,2
5562,1
5563,1
5564,3
5566,1
5572,1
5577,1
5594,2
5596,2
5599,2
5605,1
5607,1
5610,1
5618,1
5623,2
5630,2
5632,1
5637,1
5647,2
5649,2
5664,1
5667,1
5668,2
5669,1
5670,1
5674,1
5680,1
5682,1
5684,1
5688,2
5689,2
5694,1
5698,1
5707,1
5710,1
5714,1
5715,1
5718,1
5719,1
5722,1
5727,1
5735,1
5736,1
5739,1
5741,1
5743,1
5745,1
5747,1
5749,2
5760,1
5762,1
5766,1
5767,1
5768,1
5769,1
5774,2
5779,2
5788,1
5791,3
5795,1
5797,1
5807,1
5809,1
5810,1
5816,1
5820,1
5825,1
5829,1
5838,1
5840,2
5843,1
5844,1
5846,1
5848,1
5850,1
5851,1
5854,2
5859,1
5865,1
5866,1
5868,1
5874,1
5875,1
5876,2
5882,1
5884,1
5888,1
5891,1
5893,1
5896,2
5905,1
5906,1
5907,1
5909,1
5910,1
5912,2
5915,1
5917,1
5919,1
5922,1
5931,1
5932,1
5935,2
5941,1
5943,1
5945,1
5954,1
5955,2
5959,1
5962,1
5975,1
5977,1
5980,1
5984,1
5988,2
5994,1
5996,1
6000,1
6006,1
6007,1
6012,1
6014,1
6017,1
6025,1
6027,1
6028,1
6036,1
6039,1
6044,1
6046,1
6047,1
6049,1
6050,1
6057,1
6058,1
6063,1
6064,1
6067,1
6071,1
6073,3
6075,1
6076,1
6084,1
6085,1
6087,1
6096,2
6100,1
6104,1
6105,1
6106,1
6110,1
6119,1
6120,1
6121,1
6123,1
6132,1
6134,1
6136,1
6143,1
6159,1
6161,1
6164,1
6165,1
6168,2
6169,1
6174,1
6175,1
6176,1
6180,1
6187,1
6194,2
6195,1
6196,1
6200,1
6201,1
6207,1
6208,1
6215,1
6231,2
6233,1
6239,1
6243,1
6245,1
6251,1
6253,1
6258,1
6279,1
6284,1
6287,1
6289,1
6290,1
6299,1
6307,1
6310,1
6320,1
6322,1
6328,1
6339,1
6344,1
6346,1
6349,1
6352,1
6355,1
6368,1
6370,1
6373,1
6375,1
6393,2
6403,1
6408,1
6409,1
6419,1
6420,1
6421,1
6422,1
6426,1
6431,1
6436,1
6442,1
6443,1
6458,1
6461,1
6470,1
6490,1
6495,1
6499,1
6502,1
6503,1
6504,1
6506,2
6511,1
6516,1
6518,1
6525,2
6530,1
6535,1
6538,1
6543,1
6544,1
6546,1
6547,1
6557,1
6564,1
6565,1
6566,1
6568,1
6569,1
6574,1
6578,1
6589,1
6590,1
6592,2
6596,1
6612,1
6613,1
6620,1
6627,1
6648,1
6652,1
6653,1
6655,1
6659,1
6660,1
6662,1
6664,1
6670,1
6673,1
6675,1
6678,1
6683,1
6688,1
6689,1
6691,1
6706,1
6707,1
6708,1
6726,1
6735,1
6737,1
6742,1
6743,1
6745,1
6746,1
6750,2
6753,1
6755,1
6756,2
6758,1
6767,1
6771,2
6774,1
6779,1
6780,2
6784,1
6786,1
6787,1
6789,2
6802,1
6803,1
6807,1
6808,1
6809,1
6815,1
6820,1
6823,1
6826,1
6842,1
6847,1
6850,1
6851,1
6853,1
6855,1
6866,1
6874,1
6875,1
6879,1
6884,1
6886,1
6908,1
6911,1
6921,2
6923,1
6929,2
6930,1
6944,1
6948,1
6955,1
6957,2
6959,1
6980,1
6982,1
6986,1
6997,1
6999,1
7001,1
7002,1
7004,1
7012,2
7022,2
7035,1
7036,1
7038,1
7049,1
7060,1
7073,1
7074,1
7075,1
7078,1
7084,1
7086,2
7088,1
7095,1
7104,1
7105,1
7108,1
7111,1
7116,1
7119,1
7127,1
7129,1
7133,1
7140,1
7153,1
7161,1
7172,1
7176,1
7180,1
7181,1
7186,1
7196,1
7212,1
7216,1
7220,1
7221,2
7233,1
7242,1
7260,1
7262,1
7264,1
7266,1
7274,1
7280,2
7281,1
7282,1
7285,1
7287,1
7291,1
7292,1
7301,1
7302,1
7307,1
7311,1
7312,2
7327,1
7341,1
7342,1
7349,1
7353,1
7360,1
7373,1
7383,1
7388,1
7389,1
7391,1
7393,1
7400,1
7405,1
7406,1
7427,1
7428,1
7429,1
7435,1
7441,2
7461,1
7470,1
7477,1
7480,1
7483,1
7485,1
7501,1
7504,1
7507,1
7509,1
7532,1
7534,1
7545,1
7552,1
7568,1
7594,1
7595,1
7597,1
7601,1
7604,1
7621,1
7628,1
7630,1
7632,1
7635,1
7637,1
7639,1
7645,1
7651,1
7654,1
7658,1
7659,1
7660,1
7669,1
7672,1
7677,1
7684,1
7693,2
7695,1
7696,1
7700,1
7702,1
7704,1
7707,1
7721,1
7730,1
7733,1
7743,3
7749,1
7754,1
7755,1
7756,1
7758,1
7761,1
7767,1
7780,1
7785,1
7808,1
7821,1
7824,1
7828,1
7836,1
7839,1
7851,1
7860,1
7862,1
7869,1
7871,1
7876,1
7889,1
7891,1
7904,1
7911,1
7944,1
7946,1
7947,1
7949,1
7950,1
7954,1
7956,1
7965,1
7969,1
7974,1
7987,1
7995,1
8008,1
8014,1
8018,1
8024,1
8026,1
8033,1
8034,1
8035,5
8037,1
8040,4
8047,1
8050,1
8057,2
8071,1
8075,1
8078,1
8092,1
8101,1
8107,1
8108,1
8118,1
8124,1
8139,2
8145,2
8149,1
8158,1
8167,1
8174,1
8177,1
8179,1
8184,1
8194,1
8196,1
8204,1
8215,1
8218,1
8219,1
8227,1
8241,1
8255,1
8259,1
8275,1
8277,1
8280,1
8283,2
8288,1
8292,1
8296,1
8303,1
8304,1
8305,1
8313,1
8314,3
8315,1
8322,1
8323,1
8324,1
8325,1
8338,1
8349,1
8351,1
8352,1
8353,1
8356,1
8358,3
8360,1
8363,1
8364,1
8367,1
8368,1
8373,1
8381,1
8393,1
8396,1
8402,1
8403,1
8408,2
8414,2
8415,1
8422,1
8436,1
8440,1
8442,1
8443,1
8445,1
8447,1
8453,2
8458,1
8466,1
8480,1
8484,1
8487,1
8496,2
8497,1
8501,1
8502,1
8510,1
8511,1
8516,1
8517,1
8527,1
8534,1
8537,1
8538,1
8543,1
8546,1
8555,1
8563,1
8569,1
8578,1
8586,1
8589,1
8590,1
8603,1
8607,1
8608,1
8614,1
8626,1
8635,1
8641,1
8642,1
8671,1
8672,1
8677,1
8681,1
8682,1
8683,2
8688,1
8690,1
8710,1
8711,1
8720,1
8724,1
8737,1
8744,1
8749,1
8754,2
8758,1
8807,1
8816,1
8822,1
8827,1
8830,2
8833,1
8840,1
8844,1
8853,1
8867,1
8877,1
8883,1
8888,1
8900,1
8901,1
8917,2
8920,1
8933,1
8938,1
8943,1
8948,1
8953,1
8959,1
8964,1
8985,1
8994,1
8999,1
9009,1
9015,1
9017,1
9022,1
9037,2
9066,2
9071,3
9074,1
9090,1
9102,1
9117,1
9126,1
9127,1
9131,2
9141,1
9142,1
9144,1
9147,1
9149,1
9155,1
9156,1
9162,1
9163,1
9169,1
9176,1
9209,1
9219,1
9239,1
9242,1
9250,1
9251,1
9253,1
9256,2
9260,1
9261,1
9298,1
9305,1
9313,1
9318,1
9330,1
9334,1
9355,1
9358,2
9363,1
9365,1
9376,1
9377,1
9380,1
9383,1
9390,1
9401,1
9409,1
9410,1
9414,1
9434,2
9449,1
9454,1
9465,1
9469,1
9496,1
9512,1
9516,1
9517,1
9522,1
9526,1
9530,1
9536,1
9545,1
9549,1
9563,1
9567,1
9586,1
9601,1
9616,1
9623,1
9630,1
9673,1
9674,1
9689,1
9691,1
9692,1
9715,1
9725,1
9742,1
9743,1
9748,1
9756,1
9759,1
9762,1
9768,1
9769,1
9770,1
9781,1
9789,1
9790,1
9801,1
9817,1
9820,1
9842,1
9844,1
9855,2
9863,1
9871,2
9887,1
9902,1
9903,1
9904,1
9917,1
9921,1
9926,1
9930,1
9936,1
9945,1
9965,1
9966,1
9981,1
9984,1
9989,1
9991,1
9992,1
10018,1
10020,1
10043,1
10052,1
10053,1
10056,3
10083,1
10089,1
10120,1
10142,1
10155,1
10158,1
10176,1
10178,1
10189,1
10210,1
10212,1
10213,2
10231,1
10233,1
10238,1
10251,1
10258,1
10259,1
10270,1
10271,1
10277,1
10285,1
10295,1
10297,1
10309,1
10318,1
10319,1
10321,1
10323,2
10325,2
10347,1
10351,1
10363,1
10370,1
10376,1
10377,1
10384,1
10386,1
10432,1
10436,1
10447,1
10449,1
10452,1
10477,1
10492,1
10494,1
10516,1
10539,1
10540,1
10556,1
10558,1
10564,1
10575,1
10583,1
10592,1
10598,1
10627,1
10633,1
10641,1
10647,1
10656,2
10660,1
10663,1
10673,1
10696,1
10701,1
10709,1
10711,1
10715,1
10727,1
10745,1
10753,1
10755,2
10756,1
10772,1
10775,1
10782,1
10786,1
10809,1
10810,1
10812,1
10824,1
10835,1
10839,1
10840,1
10864,1
10870,1
10871,2
10877,1
10903,2
10910,1
10916,1
10918,1
10925,1
10929,1
10944,1
10952,1
10965,1
10984,1
10996,1
11005,1
11013,1
11025,1
11034,1
11037,1
11046,1
11047,1
11052,2
11065,1
11073,1
11097,1
11106,1
11141,1
11152,1
11153,1
11155,1
11157,1
11158,1
11167,1
11172,1
11196,1
11217,1
11227,1
11255,1
11287,1
11289,1
11307,1
11311,1
11324,4
11348,1
11370,1
11382,1
11402,1
11406,1
11434,1
11436,1
11437,1
11457,1
11475,1
11479,1
11530,1
11548,1
11564,1
11569,1
11581,1
11594,1
11603,1
11638,2
11641,1
11647,1
11663,1
11679,1
11726,1
11761,1
11763,1
11778,1
11785,1
11790,1
11805,1
11806,1
11819,1
11824,1
11826,1
11833,1
11840,1
11848,1
11854,1
11885,1
11892,1
11907,1
11922,1
11933,1
11934,1
11954,1
11982,1
11984,1
12016,1
12029,1
12058,1
12110,1
12124,3
12142,1
12152,1
12155,1
12169,1
12173,1
12223,1
12248,1
12273,1
12287,1
12312,1
12324,1
12330,1
12336,1
12350,1
12354,1
12360,1
12365,1
12370,2
12373,1
12381,1
12405,1
12409,1
12420,1
12437,1
12442,1
12497,1
12503,1
12528,1
12529,1
12532,1
12550,1
12574,1
12615,1
12649,1
12658,1
12673,1
12683,1
12700,1
12751,1
12782,1
12783,1
12785,1
12800,1
12835,1
12844,1
12847,1
12853,2
12868,1
12883,1
12891,1
12924,1
12950,1
12953,1
12967,1
12990,1
12998,1
13012,1
13016,1
13030,1
13052,1
13055,1
13056,1
13058,1
13078,1
13110,1
13111,1
13114,1
13164,1
13211,1
13239,1
13271,1
13277,1
13294,1
13315,1
13326,1
13357,2
13364,1
13385,1
13387,1
13397,2
13409,1
13416,1
13417,1
13420,1
13451,1
13478,1
13482,1
13491,1
13493,1
13495,1
13508,1
13512,1
13519,1
13552,1
13573,1
13591,1
13601,1
13605,1
13608,1
13614,1
13619,1
13620,1
13650,1
13676,1
13689,1
13699,1
13708,2
13709,1
13752,2
13776,1
13800,1
13807,1
13818,1
13828,1
13834,1
13848,1
13864,1
13895,1
13921,1
13939,1
13965,1
13975,1
14001,1
14024,1
14060,1
14091,1
14102,1
14112,1
14149,1
14157,1
14181,1
14213,1
14216,1
14295,1
14312,1
14315,1
14384,1
14389,1
14407,1
14415,1
14428,1
14435,1
14448,1
14455,1
14490,1
14499,1
14504,1
14509,1
14528,1
14532,1
14546,1
14562,2
14569,1
14574,1
14619,1
14635,1
14645,1
14678,1
14691,1
14716,1
14787,1
14804,1
14826,1
14828,1
14884,1
14894,1
14903,1
14907,1
14911,1
14920,1
14929,1
14941,1
14946,1
14961,1
14970,1
15042,1
15064,1
15121,1
15139,1
15140,1
15144,1
15146,1
15161,1
15181,1
15200,1
15208,1
15217,1
15249,1
15255,1
15261,1
15269,1
15298,1
15329,1
15333,1
15345,1
15351,1
15398,1
15407,1
15418,1
15428,1
15451,1
15457,1
15466,1
15472,1
15473,1
15486,1
15528,1
15547,1
15634,1
15656,1
15660,1
15680,1
15685,1
15715,1
15752,1
15792,1
15806,1
15824,1
15852,1
15892,1
15925,1
15960,1
15967,1
15968,1
15985,1
16057,1
16065,1
16095,2
16124,1
16131,1
16133,1
16138,1
16169,1
16206,1
16225,1
16290,1
16299,1
16303,1
16331,1
16348,1
16367,1
16369,1
16471,1
16478,1
16574,1
16604,1
16613,1
16644,1
16679,1
16728,1
16840,1
16858,1
16990,1
17011,1
17044,2
17065,1
17067,1
17070,1
17089,1
17093,1
17098,1
17119,1
17165,1
17231,1
17234,1
17305,1
17316,1
17328,1
17351,1
17363,1
17364,1
17370,1
17385,1
17398,1
17413,1
17454,1
17502,1
17514,1
17526,1
17576,1
17606,1
17639,1
17656,1
17667,1
17677,1
17678,1
17683,1
17721,1
17724,1
17839,1
17840,1
17877,1
17896,1
17901,2
17904,1
17923,1
17928,1
17941,1
17964,1
17982,1
18001,1
18029,1
18042,1
18069,1
18163,1
18240,1
18270,1
18288,1
18313,1
18319,1
18330,1
18351,1
18378,1
18446,1
18504,1
18506,1
18513,1
18545,1
18559,1
18637,1
18638,1
18647,1
18655,1
18664,1
18668,2
18670,1
18700,1
18734,1
18778,1
18814,1
18851,1
18896,1
18903,1
18908,1
18917,1
18963,1
19025,1
19048,1
19120,1
19136,1
19184,1
19207,1
19216,1
19223,1
19231,1
19263,1
19387,1
19389,1
19440,1
19449,1
19473,1
19504,1
19517,1
19525,1
19586,1
19694,1
19745,1
19754,1
19777,1
19838,1
19900,1
19972,1
20008,1
20046,1
20107,1
20115,1
20149,1
20184,1
20190,1
20239,1
20248,1
20259,1
20291,1
20310,1
20323,1
20394,1
20404,1
20453,1
20455,1
20465,1
20488,1
20541,1
20547,1
20567,1
20571,1
20588,1
20591,1
20671,1
20713,1
20747,1
20823,1
20850,1
20872,1
20876,1
20881,1
20892,1
20940,1
20949,1
20966,1
21023,1
21047,1
21053,1
21073,1
21076,1
21140,1
21202,1
21262,1
21263,1
21274,1
21283,1
21292,1
21306,1
21326,1
21386,1
21473,1
21591,1
21640,1
21726,1
21756,1
21885,1
21903,1
21904,1
21916,1
21919,2
21929,1
22034,1
22035,1
22052,1
22088,1
22154,1
22164,1
22216,1
22246,1
22282,1
22317,1
22340,1
22385,1
22559,1
22620,1
22659,1
22664,1
22693,1
22736,1
22785,1
22823,1
22878,1
22931,1
22944,1
22986,1
23071,1
23295,1
23359,1
23450,1
23469,1
23494,1
23531,1
23563,1
23627,1
23650,1
23686,1
23757,1
23820,1
23984,1
24000,1
24022,1
24049,1
24181,1
24240,1
24425,1
24562,1
24594,1
24595,1
24662,1
24674,1
24714,1
24748,1
24765,1
24924,1
24962,1
25049,1
25137,1
25290,1
25336,1
25394,1
25474,1
25572,1
25579,1
25586,1
25618,1
25692,1
25769,1
25813,1
25840,1
25886,1
25990,1
26055,1
26130,1
26191,1
26194,1
26245,1
26345,1
26431,1
26519,1
26528,1
26531,1
26553,1
26648,1
26653,1
26721,1
26730,1
26794,1
26858,1
26882,1
26902,1
26990,1
27039,1
27082,1
27088,1
27156,1
27199,1
27212,1
27326,1
27438,1
27471,1
27475,1
27481,1
27683,1
27779,1
28116,1
28187,1
28223,1
28357,1
28516,1
28532,1
28654,1
28681,1
28687,1
28768,1
28816,1
28887,1
29090,1
29186,1
29210,1
29243,1
29251,1
29259,1
29286,1
29311,1
29345,1
29351,1
29409,1
29460,1
29484,1
29574,1
29681,1
29689,1
29768,1
29925,1
30028,1
30454,1
30500,1
30544,1
30555,1
30567,1
30791,1
31109,1
31168,1
31176,1
31216,1
31358,1
31665,1
31749,1
31752,1
32046,1
32140,1
32336,1
32390,1
32425,1
32457,1
32471,1
32558,1
32615,1
32650,1
32905,1
32922,1
32940,1
33183,1
33247,1
33372,1
33423,1
33424,1
33465,1
33526,1
33646,1
33666,1
34052,1
34195,1
34321,1
34395,1
34469,1
34622,1
34730,1
34916,1
34945,1
35141,1
35225,1
35242,1
35263,1
35505,1
35855,1
35947,1
35985,1
36171,1
36206,1
36431,1
36458,1
36890,1
36995,1
37230,1
37263,1
37330,1
37333,1
37400,1
37450,1
37454,1
37575,1
37620,1
37721,1
37736,1
37924,1
37964,1
38149,1
38356,1
38373,1
38469,1
38535,1
38795,1
38893,1
38929,1
39028,1
39075,1
39360,1
39364,1
39447,1
39472,1
39549,1
39598,1
39703,1
40125,1
40138,1
40218,1
40282,1
40873,1
40878,1
40883,1
41366,1
41946,1
42163,1
42187,1
42226,1
42470,1
42553,1
42597,1
42648,1
42793,1
43163,1
43382,1
44563,1
44608,1
44794,1
44855,1
44867,1
45077,1
45216,1
45270,1
45304,1
45509,1
45564,1
45644,1
45805,1
45856,1
46327,1
46329,1
46805,1
47205,1
47420,1
47720,1
47893,1
47946,1
47952,1
47961,1
48311,1
48375,1
48394,1
48655,1
48668,1
48900,1
48926,1
48966,1
49055,1
49366,1
49511,1
49761,1
50023,1
50833,1
51149,1
51153,1
51203,1
51712,1
51716,1
51976,1
52164,1
52277,1
52299,1
52492,1
52500,1
52639,1
52840,1
53101,1
53561,1
53882,1
53948,1
54108,1
54184,1
54323,1
54348,1
54430,1
54502,1
54515,1
54604,1
54669,1
55287,1
55457,1
55577,2
55581,1
55595,1
55962,1
56087,1
56290,1
56619,1
57318,1
57540,1
57741,1
57914,1
58401,1
58747,1
58849,1
58960,1
59030,1
60189,1
60268,1
60461,1
60506,1
60649,1
61139,1
61187,1
61196,1
61246,1
61370,1
61488,1
61873,1
61923,1
62110,1
64281,1
64431,1
64931,1
65154,1
65960,1
65996,1
66022,1
66181,1
67068,1
67798,1
68387,1
68401,1
68892,1
69009,1
69393,1
69743,1
69791,1
69833,1
70054,1
70262,1
70283,1
70451,1
70597,1
70615,1
70697,1
70914,1
70973,1
71341,1
71543,1
72123,1
72893,1
73146,1
73867,1
74000,1
74261,1
74852,1
75031,1
75539,1
75611,1
75621,1
75728,1
75799,1
76133,1
76309,1
76840,1
77164,1
78000,1
78443,1
78450,1
78661,1
79063,1
79255,1
79289,1
79497,1
79706,1
79860,1
80047,1
80708,1
80897,1
81023,1
81072,1
81164,1
81643,1
81671,1
82090,1
82891,1
83141,1
83681,1
83855,1
83866,1
83938,1
84259,1
85106,1
85381,1
85616,1
85680,1
85701,1
85831,1
86393,1
87381,1
87398,1
87736,1
88066,1
88384,1
88670,1
88808,1
88844,1
89216,1
89369,1
89459,1
89514,1
89685,1
90345,1
90858,1
90882,1
91718,1
91815,1
91830,1
93266,1
93313,1
93796,1
94351,1
94959,1
97107,1
97131,1
97304,1
97408,1
97656,1
98150,1
98282,1
98436,1
98446,1
98880,1
99209,1
99556,1
99954,1
100081,1
100185,1
100543,1
101440,1
102088,1
102881,1
103307,1
103831,1
104267,1
104414,1
105057,1
105128,1
105618,1
105726,1
105956,1
106269,1
106539,1
106946,1
107016,1
107128,1
108304,1
110460,1
111275,1
111547,1
112186,1
114084,1
114297,1
114821,1
115257,1
116430,1
117114,1
117564,1
118690,1
118882,1
119053,1
120364,1
120600,1
121001,1
121303,1
121660,1
122169,1
123155,1
123194,1
124808,1
127925,1
129342,1
130335,1
131342,1
134042,1
135137,1
136369,1
137054,1
138338,1
139853,1
141376,1
141738,1
142283,1
144178,1
146331,1
146611,1
146719,1
152136,1
153481,1
155631,1
158163,1
158665,1
159751,1
164127,1
168728,1
169153,1
170656,1
171562,1
176988,1
177298,1
184736,1
184861,1
187269,1
187552,1
191680,1
193020,1
196708,1
198036,1
198854,1
200514,1
204324,1
206860,1
208349,1
210508,1
213594,1
214112,1
214514,1
216443,1
216885,1
222498,1
225647,1
226495,1
241964,1
246343,1
248295,1
255347,1
255469,1
278495,1
278520,1
279597,1
287119,1
302369,1
310817,1
314808,1
314887,1
323292,1
345266,1
358923,1
376688,1
377245,1
382295,1
382362,1
383905,1
384027,1
384933,1
387992,1
389149,1
389914,1
394778,1
398882,1
406817,1
406864,1
410564,1
411117,1
412695,1
414785,1
414881,1
419793,1
420631,1
424544,1
427406,1
431153,1
432195,1
440625,1
444081,1
447455,1
447663,1
448592,1
459926,1
460984,1
465480,1
522401,1
575644,1
640219,1
652146,1
667283,1
701635,1
860581,1
870311,1
888641,1
1098582,1
1578793,1
1716315,1
1966436,1
2776154,1